UNESCO ID,Site name (EN),"Site name (ZH, UNESCO feed)",Category,Criteria,Year inscribed,Extensions,Transnational,Other States Parties,Component points,Latitude,Longitude,Outward link in UNESCO text,UNESCO wording (EN short description),Site page,Documents page,Your notes,Verification status
437,Mount Taishan,泰山,Mixed,(i)(ii)(iii)(iv)(v)(vi)(vii),1987,,No,,1,36.26667,117.1,,,https://whc.unesco.org/en/list/437/,https://whc.unesco.org/en/list/437/documents/,,
438,The Great Wall,长城,Cultural,(i)(ii)(iii)(iv)(vi),1987,,No,,3,39.8,98.225,,,https://whc.unesco.org/en/list/438/,https://whc.unesco.org/en/list/438/documents/,,
439,Imperial Palaces of the Ming and Qing Dynasties in Beijing and Shenyang,明清故宫（北京故宫、沈阳故宫）,Cultural,(i)(ii)(iii)(iv),1987,2004,No,,2,39.917118,116.397151,,,https://whc.unesco.org/en/list/439/,https://whc.unesco.org/en/list/439/documents/,,
440,Mogao Caves,莫高窟,Cultural,(i)(ii)(iii)(iv)(v)(vi),1987,,No,,1,40.13333,94.81667,Silk Roads,"Situated at a strategic point along the Silk Route, at the crossroads of trade as well as religious, cultural and intellectual influences...",https://whc.unesco.org/en/list/440/,https://whc.unesco.org/en/list/440/documents/,,
441,Mausoleum of the First Qin Emperor,秦始皇陵及兵马俑坑,Cultural,(i)(iii)(iv)(vi),1987,,No,,2,34.3814166667,109.253666667,,,https://whc.unesco.org/en/list/441/,https://whc.unesco.org/en/list/441/documents/,,
449,Peking Man Site at Zhoukoudian,周口店北京人遗址,Cultural,(iii)(vi),1987,,No,,1,39.689449,115.922702,,,https://whc.unesco.org/en/list/449/,https://whc.unesco.org/en/list/449/documents/,,
547,Mount Huangshan,黄山,Mixed,(ii)(vii)(x),1990,,No,,1,30.145333,118.155083,,,https://whc.unesco.org/en/list/547/,https://whc.unesco.org/en/list/547/documents/,,
637,Jiuzhaigou Valley Scenic and Historic Interest Area,九寨沟风景名胜区,Natural,(vii),1992,,No,,1,33.08333,103.91667,,,https://whc.unesco.org/en/list/637/,https://whc.unesco.org/en/list/637/documents/,,
638,Huanglong Scenic and Historic Interest Area,黄龙风景名胜区,Natural,(vii),1992,,No,,1,32.75417,103.82222,,,https://whc.unesco.org/en/list/638/,https://whc.unesco.org/en/list/638/documents/,,
640,Wulingyuan Scenic and Historic Interest Area,武陵源风景名胜区,Natural,(vii),1992,,No,,1,29.33333,110.5,,,https://whc.unesco.org/en/list/640/,https://whc.unesco.org/en/list/640/documents/,,
703,"Mountain Resort and its Outlying Temples, Chengde",承德避暑山庄及其周围寺庙,Cultural,(ii)(iv),1994,,No,,1,40.98694,117.93833,,,https://whc.unesco.org/en/list/703/,https://whc.unesco.org/en/list/703/documents/,,
704,Temple and Cemetery of Confucius and the Kong Family Mansion in Qufu,曲阜孔庙、孔林和孔府,Cultural,(i)(iv)(vi),1994,,No,,1,35.613215,116.994561,,,https://whc.unesco.org/en/list/704/,https://whc.unesco.org/en/list/704/documents/,,
705,Ancient Building Complex in the Wudang Mountains,武当山古建筑群,Cultural,(i)(ii)(vi),1994,,No,,1,32.46667,111,,,https://whc.unesco.org/en/list/705/,https://whc.unesco.org/en/list/705/documents/,,
707,"Historic Ensemble of the Potala Palace, Lhasa",拉萨布达拉宫历史建筑群,Cultural,(i)(iv)(vi),1994,"2000, 2001",No,,3,29.650248,91.133788,,,https://whc.unesco.org/en/list/707/,https://whc.unesco.org/en/list/707/documents/,,
778,Lushan National Park,庐山国家公园,Cultural,(ii)(iii)(iv)(vi),1996,,No,,1,29.43333333,115.8666667,,,https://whc.unesco.org/en/list/778/,https://whc.unesco.org/en/list/778/documents/,,
779,"Mount Emei Scenic Area, including Leshan Giant Buddha Scenic Area",峨眉山—乐山大佛,Mixed,(iv)(vi)(x),1996,,No,,2,29.5447222222,103.7733333333,,,https://whc.unesco.org/en/list/779/,https://whc.unesco.org/en/list/779/documents/,,
811,Old Town of Lijiang,丽江古城,Cultural,(ii)(iv)(v),1997,,No,,4,26.875,100.233333333,,,https://whc.unesco.org/en/list/811/,https://whc.unesco.org/en/list/811/documents/,,
812,Ancient City of Ping Yao,平遥古城,Cultural,(ii)(iii)(iv),1997,,No,,3,37.170739,112.131745,,,https://whc.unesco.org/en/list/812/,https://whc.unesco.org/en/list/812/documents/,,
813,Classical Gardens of Suzhou,苏州古典园林,Cultural,(i)(ii)(iii)(iv)(v),1997,2000,No,,9,31.157884,120.720422,,,https://whc.unesco.org/en/list/813/,https://whc.unesco.org/en/list/813/documents/,,
880,"Summer Palace, an Imperial Garden in Beijing",北京皇家园林-颐和园,Cultural,(i)(ii)(iii),1998,,No,,1,39.9969444444,116.268027778,,,https://whc.unesco.org/en/list/880/,https://whc.unesco.org/en/list/880/documents/,,
881,Temple of Heaven: an Imperial Sacrificial Altar in Beijing,北京皇家祭坛—天坛,Cultural,(i)(ii)(iii),1998,,No,,1,39.8821666667,116.406666667,,,https://whc.unesco.org/en/list/881/,https://whc.unesco.org/en/list/881/documents/,,
911,Mount Wuyi,武夷山,Mixed,(iii)(vi)(vii)(x),1999,,No,,2,27.5544444444,118.043055556,,,https://whc.unesco.org/en/list/911/,https://whc.unesco.org/en/list/911/documents/,,
912,Dazu Rock Carvings,大足石刻,Cultural,(i)(ii)(iii),1999,,No,,5,29.5833333333,105.5666666667,,,https://whc.unesco.org/en/list/912/,https://whc.unesco.org/en/list/912/documents/,,
1001,Mount Qingcheng and the Dujiangyan Irrigation System,青城山—都江堰,Cultural,(ii)(iv)(vi),2000,,No,,1,31.00167,103.60528,,,https://whc.unesco.org/en/list/1001/,https://whc.unesco.org/en/list/1001/documents/,,
1002,Ancient Villages in Southern Anhui – Xidi and Hongcun,皖南古村落－西递、宏村（2000年）,Cultural,(iii)(iv)(v),2000,,No,,2,29.9044444444,117.9875,,,https://whc.unesco.org/en/list/1002/,https://whc.unesco.org/en/list/1002/documents/,,
1003,Longmen Grottoes,龙门石窟,Cultural,(i)(ii)(iii),2000,,No,,1,34.46666667,112.4666667,,,https://whc.unesco.org/en/list/1003/,https://whc.unesco.org/en/list/1003/documents/,,
1004,Imperial Tombs of the Ming and Qing Dynasties,明清皇家陵寝,Cultural,(i)(ii)(iii)(iv)(vi),2000,"2003, 2004",No,,14,31.0166666667,112.65,,,https://whc.unesco.org/en/list/1004/,https://whc.unesco.org/en/list/1004/documents/,,
1039,Yungang Grottoes,云岗石窟,Cultural,(i)(ii)(iii)(iv),2001,,No,,1,40.10972,113.12222,,,https://whc.unesco.org/en/list/1039/,https://whc.unesco.org/en/list/1039/documents/,,
1083,Three Parallel Rivers of Yunnan Protected Areas,云南三江并流保护区,Natural,(vii)(viii)(ix)(x),2003,,No,,1,27.895,98.40638889,,,https://whc.unesco.org/en/list/1083/,https://whc.unesco.org/en/list/1083/documents/,,
1135,Capital Cities and Tombs of the Ancient Koguryo Kingdom,高句丽王城、王陵及贵族墓葬,Cultural,(i)(ii)(iii)(iv)(v),2004,,No,,5,41.1387222222,126.176194444,,,https://whc.unesco.org/en/list/1135/,https://whc.unesco.org/en/list/1135/documents/,,
1110,Historic Centre of Macao,澳门历史城区,Cultural,(ii)(iii)(iv)(vi),2005,,No,,2,22.1911111111,113.5363888889,International trade / East-West encounter,"It bears witness to one of the earliest and longest-lasting encounters between China and the West, based on the vibrancy of international trade.",https://whc.unesco.org/en/list/1110/,https://whc.unesco.org/en/list/1110/documents/,,
1114,Yin Xu,殷墟,Cultural,(ii)(iii)(iv)(vi),2006,,No,,2,36.121978,114.325162,,,https://whc.unesco.org/en/list/1114/,https://whc.unesco.org/en/list/1114/documents/,,
1213,"Sichuan Giant Panda Sanctuaries - Wolong, Mt Siguniang and Jiajin Mountains",四川大熊猫栖息地,Natural,(x),2006,,No,,1,30.8333333333,103,,,https://whc.unesco.org/en/list/1213/,https://whc.unesco.org/en/list/1213/documents/,,
1112,Kaiping Diaolou and Villages,开平碉楼与村落,Cultural,(ii)(iii)(iv),2007,,No,,4,22.258774,112.525727,Overseas Chinese / emigration,"They reflect the significant role of émigré Kaiping people in the development of several countries in South Asia, Australasia and North America, during the late 19th and early 20th centuries.",https://whc.unesco.org/en/list/1112/,https://whc.unesco.org/en/list/1112/documents/,,
1248,South China Karst,中国南方喀斯特,Natural,(vii)(viii),2007,2014,No,,12,24.7177777778,103.344166667,,,https://whc.unesco.org/en/list/1248/,https://whc.unesco.org/en/list/1248/documents/,,
1113,Fujian Tulou,福建土楼,Cultural,(iii)(iv)(v),2008,,No,,10,24.5508333333,116.9002777778,,,https://whc.unesco.org/en/list/1113/,https://whc.unesco.org/en/list/1113/documents/,,
1292,Mount Sanqingshan National Park,三清山国家公园,Natural,(vii),2008,,No,,1,28.9158333333,118.0644444444,,,https://whc.unesco.org/en/list/1292/,https://whc.unesco.org/en/list/1292/documents/,,
1279,Mount Wutai,五台山,Cultural,(ii)(iii)(iv)(vi),2009,,No,,2,38.8822222222,113.3494444444,,,https://whc.unesco.org/en/list/1279/,https://whc.unesco.org/en/list/1279/documents/,,
1305,Historic Monuments of Dengfeng in “The Centre of Heaven and Earth”,登封 “天地之中”历史古迹,Cultural,(iii)(vi),2010,,No,,8,34.3997138889,113.1412444444,,,https://whc.unesco.org/en/list/1305/,https://whc.unesco.org/en/list/1305/documents/,,
1335,China Danxia,中国丹霞,Natural,(vii)(viii),2010,,No,,9,24.9652777778,113.7033333333,,,https://whc.unesco.org/en/list/1335/,https://whc.unesco.org/en/list/1335/documents/,,
1334,West Lake Cultural Landscape of Hangzhou,杭州西湖文化景观,Cultural,(ii)(iii)(vi),2011,,No,,1,30.2375,120.1408333333,,,https://whc.unesco.org/en/list/1334/,https://whc.unesco.org/en/list/1334/documents/,,
1388,Chengjiang Fossil Site,澄江化石遗址,Natural,(viii),2012,,No,,1,24.6688888889,102.9772222222,,,https://whc.unesco.org/en/list/1388/,https://whc.unesco.org/en/list/1388/documents/,,
1389,Site of Xanadu,元上都遗址,Cultural,(ii)(iii)(iv)(vi),2012,,No,,1,42.358,116.1851277778,Cross-cultural (Mongol-Han),...the site was a unique attempt to assimilate the nomadic Mongolian and Han Chinese cultures.,https://whc.unesco.org/en/list/1389/,https://whc.unesco.org/en/list/1389/documents/,,
1111,Cultural Landscape of Honghe Hani Rice Terraces,,Cultural,(iii)(v),2013,,No,,1,23.0932777778,102.7799805556,,,https://whc.unesco.org/en/list/1111/,https://whc.unesco.org/en/list/1111/documents/,,
1414,Xinjiang Tianshan,,Natural,(vii)(ix),2013,,No,,4,41.9683333333,80.3541666667,,,https://whc.unesco.org/en/list/1414/,https://whc.unesco.org/en/list/1414/documents/,,
1442,Silk Roads: the Routes Network of Chang'an-Tianshan Corridor,,Cultural,(ii)(iii)(v)(vi),2014,,Yes,"Kazakhstan, Kyrgyzstan",33,33.1588888889,107.291111111,Silk Roads,"This property is a 5,000 km section of the extensive Silk Roads network, stretching from Chang'an/Luoyang, the central capital of China in the Han and Tang dynasties, to the Zhetysu region of Central Asia.",https://whc.unesco.org/en/list/1442/,https://whc.unesco.org/en/list/1442/documents/,,
1443,The Grand Canal,,Cultural,(i)(iii)(iv)(vi),2014,,No,,31,29.8747222222,121.557222222,,,https://whc.unesco.org/en/list/1443/,https://whc.unesco.org/en/list/1443/documents/,,
1474,Tusi Sites,土司遗址,Cultural,(ii)(iii),2015,,No,,3,27.8116666667,106.8169444444,,,https://whc.unesco.org/en/list/1474/,https://whc.unesco.org/en/list/1474/documents/,,
1508,Zuojiang Huashan Rock Art Cultural Landscape,左江花山岩画文化景观,Cultural,(iii)(vi),2016,,No,,3,22.2555555556,107.031388889,,,https://whc.unesco.org/en/list/1508/,https://whc.unesco.org/en/list/1508/documents/,,
1509,Hubei Shennongjia,湖北神农架,Natural,(ix)(x),2016,,No,,2,31.4630555556,110.509166667,,,https://whc.unesco.org/en/list/1509/,https://whc.unesco.org/en/list/1509/documents/,,
1540,Qinghai Hoh Xil,,Natural,(vii)(x),2017,,No,,1,35.3802777778,92.4391666667,,,https://whc.unesco.org/en/list/1540/,https://whc.unesco.org/en/list/1540/documents/,,
1541,"Kulangsu, a Historic International Settlement",,Cultural,(ii)(iv),2017,,No,,1,24.4475,118.0619444444,Sino-foreign exchange,...this island off the southern coast of the Chinese empire suddenly became an important window for Sino-foreign exchanges.,https://whc.unesco.org/en/list/1541/,https://whc.unesco.org/en/list/1541/documents/,,
1559,Fanjingshan,梵净山,Natural,(x),2018,,No,,1,27.8955555556,108.68,,,https://whc.unesco.org/en/list/1559/,https://whc.unesco.org/en/list/1559/documents/,,
1592,Archaeological Ruins of Liangzhu City,良渚古城遗址,Cultural,(iii)(iv),2019,,No,,4,30.39555,119.990827778,,,https://whc.unesco.org/en/list/1592/,https://whc.unesco.org/en/list/1592/documents/,,
1606,Migratory Bird Sanctuaries along the Coast of Yellow Sea-Bohai Gulf of China,中国黄（渤）海候鸟栖息地,Natural,(x),2019,2024,No,,12,31.5129166667,121.999388889,,,https://whc.unesco.org/en/list/1606/,https://whc.unesco.org/en/list/1606/documents/,,
1561,Quanzhou: Emporium of the World in Song-Yuan China,泉州：宋元中国的世界海洋商贸中心,Cultural,(iv),2021,,No,,16,24.7102777778,118.444166667,Maritime trade,The serial site of Quanzhou illustrates the city's vibrancy as a maritime emporium during the Song and Yuan periods (10th - 14th centuries AD) and its interconnection with the Chinese hinterland.,https://whc.unesco.org/en/list/1561/,https://whc.unesco.org/en/list/1561/documents/,,
1665,Cultural Landscape of Old Tea Forests of the Jingmai Mountain in Pu’er,普洱景迈山古茶林文化景观,Cultural,(iii)(v),2023,,No,,1,22.1841666667,100.0075,,,https://whc.unesco.org/en/list/1665/,https://whc.unesco.org/en/list/1665/documents/,,
1638,Badain Jaran Desert - Towers of Sand and Lakes,巴丹吉林沙漠——沙山湖泊群,Natural,(vii)(viii),2024,,No,,1,39.8897222222,102.2894444444,,,https://whc.unesco.org/en/list/1638/,https://whc.unesco.org/en/list/1638/documents/,,
1714,Beijing Central Axis: A Building Ensemble Exhibiting the Ideal Order of the Chinese Capital,北京中轴线：中国理想都城秩序的杰作,Cultural,(iii)(iv),2024,,No,,1,39.9072222222,116.3913888889,,,https://whc.unesco.org/en/list/1714/,https://whc.unesco.org/en/list/1714/documents/,,
1736,Xixia Imperial Tombs,西夏陵,Cultural,(ii)(iii),2025,,No,,1,38.4158333333,105.9711111111,Silk Roads,"Positioned along the Silk Road, it became a multicultural civilization modelled on Chinese imperial traditions, with Buddhism at its core.",https://whc.unesco.org/en/list/1736/,https://whc.unesco.org/en/list/1736/documents/,,
1765,Jingdezhen Handicraft Porcelain Industry Sites,景德镇手工瓷业遗存,Cultural,(ii)(iii)(iv)(vi),2026,,No,,5,29.2863888889,117.243333333,Global trade (porcelain),"...the production of handicraft porcelain from the 10th to 19th centuries that had profound industrial, artistic and trading influences in China and beyond globally.",https://whc.unesco.org/en/list/1765/,https://whc.unesco.org/en/list/1765/documents/,,
