UNESCO TL ID,Name (as submitted),Year submitted,Silk Road / maritime link,Notes,UNESCO page,Your notes,Verification status
105,Dongzhai Port Nature Reserve,1996,,,https://whc.unesco.org/en/tentativelists/105/,,
106,The Alligator Sinensis Nature Reserve,1996,,,https://whc.unesco.org/en/tentativelists/106/,,
107,Poyang Nature Reserve,1996,,,https://whc.unesco.org/en/tentativelists/107/,,
108,The Lijiang River Scenic Zone at Guilin,1996,,,https://whc.unesco.org/en/tentativelists/108/,,
1622,"Yalong, Tibet",2001,,,https://whc.unesco.org/en/tentativelists/1622/,,
1623,Yangtze Gorges Scenic Spot,2001,,,https://whc.unesco.org/en/tentativelists/1623/,,
1624,Jinfushan Scenic Spot,2001,,,https://whc.unesco.org/en/tentativelists/1624/,,
1625,Heaven Pit and Ground Seam Scenic Spot,2001,,,https://whc.unesco.org/en/tentativelists/1625/,,
1626,Hua Shan Scenic Area,2001,,,https://whc.unesco.org/en/tentativelists/1626/,,
1627,Yandang Mountain,2001,,,https://whc.unesco.org/en/tentativelists/1627/,,
1629,Nanxi River,2001,,,https://whc.unesco.org/en/tentativelists/1629/,,
1631,Maijishan Scenic Spots,2001,,,https://whc.unesco.org/en/tentativelists/1631/,,
1632,Wudalianchi Scenic Spots,2001,,,https://whc.unesco.org/en/tentativelists/1632/,,
1633,Haitan Scenic Spots,2001,,,https://whc.unesco.org/en/tentativelists/1633/,,
1634,Dali Chanshan Mountain and Erhai Lake Scenic Spot,2001,,,https://whc.unesco.org/en/tentativelists/1634/,,
5320,Sites for Liquor Making in China,2008,,,https://whc.unesco.org/en/tentativelists/5320/,,
5322,Ancient Residences in Shanxi and Shaanxi Provinces,2008,,,https://whc.unesco.org/en/tentativelists/5322/,,
5324,City Walls of the Ming and Qing Dynasties,2008,,,https://whc.unesco.org/en/tentativelists/5324/,,
5327,Slender West Lake and Historic Urban Area in Yangzhou,2008,,,https://whc.unesco.org/en/tentativelists/5327/,,
5328,The Ancient Waterfront Towns in the South of Yangtze River,2008,,,https://whc.unesco.org/en/tentativelists/5328/,,
5335,"Chinese Section of the Silk Road: Land routes in Henan Province, Shaanxi Province, Gansu Province, Qinghai Province, Ningxia Hui Autonomous Region, and Xinjiang Uygur Autonomous Region; Sea Routes in Ningbo City, Zhejiang Province and Quanzhou City, Fujian Province - from Western-Han Dynasty to Qing Dynasty",2008,Silk Roads + Maritime,2008 entry: land routes in six provinces plus sea routes at Ningbo and Quanzhou. Earliest TL entry to put the sea routes under the Silk Road name.,https://whc.unesco.org/en/tentativelists/5335/,,
5337,Fenghuang Ancient City,2008,,,https://whc.unesco.org/en/tentativelists/5337/,,
5338,Site of Southern Yue State,2008,,,https://whc.unesco.org/en/tentativelists/5338/,,
5341,Baiheliang Ancient Hydrological Inscription,2008,,,https://whc.unesco.org/en/tentativelists/5341/,,
5344,Miao Nationality Villages in Southeast Guizhou Province: The villages of Miao Nationality at the Foot of Leigong Mountain in Miao Ling Mountains,2008,,,https://whc.unesco.org/en/tentativelists/5344/,,
5347,Karez Wells,2008,,,https://whc.unesco.org/en/tentativelists/5347/,,
5351,Expansion Project of Imperial Tombs of the Ming and Qing Dynasties: King Lujian's Tombs,2008,,,https://whc.unesco.org/en/tentativelists/5351/,,
5353,The Four Sacred Mountains as an Extension of Mt. Taishan,2008,,,https://whc.unesco.org/en/tentativelists/5353/,,
5532,Taklimakan Desert—Populus euphratica Forests,2010,,,https://whc.unesco.org/en/tentativelists/5532/,,
5533,China Altay,2010,,,https://whc.unesco.org/en/tentativelists/5533/,,
5535,Karakorum-Pamir,2010,,,https://whc.unesco.org/en/tentativelists/5535/,,
5803,"Wooden Structures of Liao Dynasty—Wooden Pagoda of Yingxian County, Main Hall of Fengguo Monastery of Yixian County",2013,,,https://whc.unesco.org/en/tentativelists/5803/,,
5804,"Sites of Hongshan Culture: The Niuheliang Archaeological Site, the Hongshanhou Archaeological Site, and Weijiawopu Archaeological Site",2013,,,https://whc.unesco.org/en/tentativelists/5804/,,
5806,Ancient Porcelain Kiln Site in China,2013,,,https://whc.unesco.org/en/tentativelists/5806/,,
5808,SanFangQiXiang,2013,,,https://whc.unesco.org/en/tentativelists/5808/,,
5813,Dong Villages,2013,,,https://whc.unesco.org/en/tentativelists/5813/,,
5814,Lingqu Canal,2013,,,https://whc.unesco.org/en/tentativelists/5814/,,
5815,Diaolou Buildings and Villages for Tibetan and Qiang Ethnic Groups,2013,,,https://whc.unesco.org/en/tentativelists/5815/,,
5816,"Archaeological Sites of the Ancient Shu State: Site at Jinsha and Joint Tombs of Boat-shaped Coffins in Chengdu City, Sichuan Province; Site of Sanxingdui in Guanghan City, Sichuan Province 29C.BC-5C.BC",2013,,,https://whc.unesco.org/en/tentativelists/5816/,,
5989,Xinjiang Yardang,2015,,,https://whc.unesco.org/en/tentativelists/5989/,,
5990,Dunhuang Yardangs,2015,,,https://whc.unesco.org/en/tentativelists/5990/,,
5992,Tianzhushan,2015,,,https://whc.unesco.org/en/tentativelists/5992/,,
5993,Jinggangshan--North Wuyishan (Extension of Mount Wuyi),2015,,,https://whc.unesco.org/en/tentativelists/5993/,,
5994,ShuDao,2015,,,https://whc.unesco.org/en/tentativelists/5994/,,
5995,Tulin-Guge Scenic and Historic Interest Areas,2015,,,https://whc.unesco.org/en/tentativelists/5995/,,
6093,The Chinese Section of the Silk Roads,2016,Silk Roads + Maritime,"Submitted 22/02/2016 by China's National Commission for UNESCO; criteria (i)-(vi). Serial, China only: 32 land-route sites (6 provinces) + 31 sea-route sites (Fujian, Zhejiang, Guangdong, Jiangsu). No partner countries named. Describes routes 'connecting Asia. Africa and Europe'.",https://whc.unesco.org/en/tentativelists/6093/,,
6184,Guancen Mountain -- Luya Mountain,2017,,,https://whc.unesco.org/en/tentativelists/6184/,,
6185,Hulun Buir Landscape & Birthplace of Ancient Minority,2017,,,https://whc.unesco.org/en/tentativelists/6185/,,
6186,Qinghai Lake,2017,,,https://whc.unesco.org/en/tentativelists/6186/,,
6187,Scenic and historic area of Sacred Mountains and Lakes,2017,,,https://whc.unesco.org/en/tentativelists/6187/,,
6188,Taihang Mountain,2017,,,https://whc.unesco.org/en/tentativelists/6188/,,
6190,Vertical Vegetation Landscape and Volcanic Landscape in Changbai Mountain,2017,,,https://whc.unesco.org/en/tentativelists/6190/,,
6380,Huangguoshu Scenic Area,2019,,,https://whc.unesco.org/en/tentativelists/6380/,,
6381,Guizhou Triassic Fossil Sites,2019,,,https://whc.unesco.org/en/tentativelists/6381/,,
6582,Hainan Tropical Rainforest and the Traditional Settlement of Li Ethnic Group,2022,,,https://whc.unesco.org/en/tentativelists/6582/,,
6619,Fujian Minjiang River Estuary: The ecotone between marine and terrestrial biogeographical regions,2022,,,https://whc.unesco.org/en/tentativelists/6619/,,
6768,Hezheng Mammalian Fossil Sites of Gansu,2024,,,https://whc.unesco.org/en/tentativelists/6768/,,
6840,Guizhou Shuanghe Cave,2025,,,https://whc.unesco.org/en/tentativelists/6840/,,
6841,Zhangye Colorful Hills,2025,,,https://whc.unesco.org/en/tentativelists/6841/,,
7021,Jehol Biota Fossil Sites in Chaoyang,2026,,,https://whc.unesco.org/en/tentativelists/7021/,,
