UNESCO ID,Site name (EN),"Site name (ZH, UNESCO feed)",States Parties,Year inscribed,Transnational,Where UNESCO mentions it,Link type (my coding),UNESCO wording (verbatim excerpt),Site page,Your notes
1223,"Melaka and George Town, Historic Cities of the Straits of Malacca",,Malaysia,2008,No,Full OUV statement on site page only (not in feed text),Chinese community / trade,"Criterion (ii): Melaka and George Town represent exceptional examples of multi-cultural trading towns in East and Southeast Asia, forged from the mercantile and exchanges of Malay, Chinese, and Indian cultures and three successive European colonial powers for almost 500 years...",https://whc.unesco.org/en/list/1223/,
948,Hoi An Ancient Town,会安古镇,Viet Nam,1999,No,Full OUV statement on site page only (not in feed text),Chinese community / trade,The town reflects a fusion of indigenous and foreign cultures (principally Chinese and Japanese with later European influences) that combined to produce this unique survival.,https://whc.unesco.org/en/list/948/,
1610,Ombilin Coal Mining Heritage of Sawahlunto,沙哇伦多的翁比林煤矿遗产,Indonesia,2019,No,Short description (feed),Chinese labour / migration,"The workforce was recruited from the local Minangkabau people and supplemented by Javanese and Chinese contract workers, and convict labourers from Dutch-controlled areas.",https://whc.unesco.org/en/list/1610/,
502,Historic City of Vigan,维甘历史古城,Philippines,1999,No,Short description (feed),Chinese community / trade,"Its architecture reflects the coming together of cultural elements from elsewhere in the Philippines, from China and from Europe...",https://whc.unesco.org/en/list/502/,
677,Baroque Churches of the Philippines,菲律宾的巴洛克教堂,Philippines,1993,No,Short description (feed),Chinese craftsmen,Their unique architectural style is a reinterpretation of European Baroque by Chinese and Philippine craftsmen.,https://whc.unesco.org/en/list/677/,
1328,Central Sector of the Imperial Citadel of Thang Long - Hanoi,河内升龙皇城,Viet Nam,2010,No,Short description (feed),Chinese political presence / influence,It was constructed on the remains of a Chinese fortress dating from the 7th century... at the crossroads between influences coming from China in the north and the ancient Kingdom of Champa in the south.,https://whc.unesco.org/en/list/1328/,
1091,Complex of Koguryo Tombs,高句丽古墓群,Democratic People's Republic of Korea,2004,No,Short description (feed),Shared history (Koguryo),"...the Koguryo Kingdom, one of the strongest kingdoms in nowadays northeast China and half of the Korean peninsula... Only about 90 out of more than 10,000 Koguryo tombs discovered in China and Korea so far, have wall paintings.",https://whc.unesco.org/en/list/1091/,
1537,Ancient City of Qalhat,卡尔哈特古城,Oman,2018,No,Short description (feed),Maritime trade,"The Ancient City bears unique archaeological testimony to the trade links between the east coast of Arabia, East Africa, India, China and South-East Asia.",https://whc.unesco.org/en/list/1537/,
144,Ruins of Kilwa Kisiwani and Ruins of Songo Mnara,基尔瓦基斯瓦尼遗址和松戈马拉遗址,United Republic of Tanzania,1981,No,Short description (feed),Maritime trade (porcelain),"From the 13th to the 16th century, the merchants of Kilwa dealt in gold, silver, pearls, perfumes, Arabian crockery, Persian earthenware and Chinese porcelain.",https://whc.unesco.org/en/list/144/,
365,Khami Ruins National Monument,卡米国家遗址纪念地,Zimbabwe,1986,No,Short description (feed),Trade goods,The discovery of objects from Europe and China shows that Khami was a major centre for trade over a long period of time.,https://whc.unesco.org/en/list/365/,
1246,Iwami Ginzan Silver Mine and its Cultural Landscape,石见银山遗迹及其文化景观,Japan,2007,No,Short description (feed),Maritime trade,...port towns from where it was shipped to Korea and China.,https://whc.unesco.org/en/list/1246/,
972,Gusuku Sites and Related Properties of the Kingdom of Ryukyu,琉球王国时期的遗迹,Japan,2000,No,Justification of criteria (feed),Maritime trade / exchange,"For several centuries the Ryukyu islands served as a centre of economic and cultural interchange between south-east Asia, China, Korea, and Japan...",https://whc.unesco.org/en/list/972/,
660,Buddhist Monuments in the Horyu-ji Area,法隆寺地区的佛教古迹,Japan,1993,No,Short description (feed),Cultural influence,...they illustrate the adaptation of Chinese Buddhist architecture and layout to Japanese culture... the introduction of Buddhism to Japan from China by way of the Korean peninsula.,https://whc.unesco.org/en/list/660/,
688,"Historic Monuments of Ancient Kyoto (Kyoto, Uji and Otsu Cities)",古京都遗址（京都、宇治和大津城）,Japan,1994,No,Short description (feed),Cultural influence,"Built in A.D. 794 on the model of the capitals of ancient China, Kyoto was the imperial capital of Japan...",https://whc.unesco.org/en/list/688/,
870,Historic Monuments of Ancient Nara,古奈良的历史遗迹,Japan,1998,No,Justification of criteria (feed),Cultural influence,...the evolution of Japanese architecture and art as a result of cultural links with China and Korea...,https://whc.unesco.org/en/list/870/,
1142,Sacred Sites and Pilgrimage Routes in the Kii Mountain Range,纪伊山地的圣地与参拜道,Japan,2004,No,Short description (feed),Cultural influence,"...Buddhism, which was introduced from China and the Korean Peninsula.",https://whc.unesco.org/en/list/1142/,
1757,Ancient Capitals of Asuka and Fujiwara,飞鸟与藤原古都,Japan,2026,No,Short description (feed),Cultural influence,...a centralised state system modelled after the Chinese codified law known as ritsuryō.,https://whc.unesco.org/en/list/1757/,
1477,Baekje Historic Areas,百济遗址区,Republic of Korea,2015,No,Short description (feed),Cultural influence / exchange,"...exchanges between the ancient East Asian kingdoms in Korea, China and Japan.",https://whc.unesco.org/en/list/1477/,
1498,"Seowon, Korean Neo-Confucian Academies",韩国新儒学书院,Republic of Korea,2019,No,Short description (feed),Cultural influence,The seowons illustrate a historical process in which Neo-Confucianism from China was adapted to Korean conditions.,https://whc.unesco.org/en/list/1498/,
1439,Namhansanseong,,Republic of Korea,2014,No,Short description (feed),Conflict / influence,...rebuilt... in anticipation of an attack from the Sino-Manchu Qing dynasty... based on Chinese and Japanese influences...,https://whc.unesco.org/en/list/1439/,
559,Royal Domain of Drottningholm,德罗特宁霍尔摩皇宫,Sweden,1991,No,Short description (feed),Chinoiserie (European taste),"With its castle, perfectly preserved theatre (built in 1766), Chinese pavilion and gardens...",https://whc.unesco.org/en/list/559/,
1759,The Cemetery Complexes of the Xiongnu Nobility,匈奴贵族墓葬群,Mongolia,2026,No,Short description (feed),Silk Roads / Han interaction,They interacted with the Han Chinese and controlled nodes along the main parts of the Steppe Route of the Silk Roads.,https://whc.unesco.org/en/list/1759/,
1675,Silk Roads: Zarafshan-Karakum Corridor,丝绸之路：扎拉夫尚-卡拉库姆廊道,"Tajikistan, Turkmenistan, Uzbekistan",2023,Yes,Site name + short description (feed),Silk Roads (no China component),The Zarafshan-Karakum Corridor is a key section of the Silk Roads in Central Asia that connects other corridors from all directions.,https://whc.unesco.org/en/list/1675/,
1346,Tabriz Historic Bazaar Complex,大不里士的集市区,Iran (Islamic Republic of),2010,No,Short description (feed),Silk Roads,...one of the most important commercial centres on the Silk Road.,https://whc.unesco.org/en/list/1346/,
1544,Historic City of Yazd,,Iran (Islamic Republic of),2017,No,Short description (feed),Silk Roads,...close to the Spice and Silk Roads.,https://whc.unesco.org/en/list/1544/,
1230,Sulaiman-Too Sacred Mountain,,Kyrgyzstan,2009,No,Short description (feed),Silk Roads,...at the crossroads of important routes on the Central Asian Silk Roads.,https://whc.unesco.org/en/list/1230/,
1627,Cultural Heritage Sites of Ancient Khuttal,古骨咄的文化遗产地,Tajikistan,2025,No,Short description (feed),Silk Roads,...reflecting its role from the 7th to 16th centuries in Silk Roads trade.,https://whc.unesco.org/en/list/1627/,
1518,Archaeological Site of Ani,,Türkiye,2016,No,Short description (feed),Silk Roads,...profited from control of one branch of the Silk Road.,https://whc.unesco.org/en/list/1518/,
208,Cultural Landscape and Archaeological Remains of the Bamiyan Valley,巴米扬山谷的文化景观和考古遗迹,Afghanistan,2003,No,Justification of criteria (feed),Silk Roads,...an important Buddhist centre on the Silk Road...,https://whc.unesco.org/en/list/208/,
1448,Landscapes of Dauria,,"Mongolia, Russian Federation",2017,Yes,Short description (feed),Geographic mention only,"...the Daurian Steppe eco-region, which extends from eastern Mongolia into Russian Siberia and northeastern China.",https://whc.unesco.org/en/list/1448/,
340,Keoladeo National Park,凯奥拉德奥国家公园,India,1985,No,Short description (feed),Geographic mention only,"...wintering areas for large numbers of aquatic birds from Afghanistan, Turkmenistan, China and Siberia.",https://whc.unesco.org/en/list/340/,
1012,Kinabalu Park,基纳巴卢山公园,Malaysia,2000,No,Short description (feed),Geographic mention only,"...flora from the Himalayas, China, Australia, Malaysia...",https://whc.unesco.org/en/list/1012/,
1574,"Amami-Oshima Island, Tokunoshima Island, Northern part of Okinawa Island, and Iriomote Island",奄美大岛、德之岛、冲绳岛北部及西表岛,Japan,2021,No,Short description (feed),Geographic mention only,...the serial site forms an arc on the boundary of the East China Sea and Philippine Sea...,https://whc.unesco.org/en/list/1574/,
