Record type,Name,States,Year(s),List / programme,Relevance to project,Notes,Link
Intangible heritage (joint),"Ong Chun/Wangchuan/Wangkang ceremony, rituals and related practices for maintaining the sustainable connection between man and the ocean",China + Malaysia,2020,Representative List; decision 15.COM 8.B.22,Diaspora / Maritime,"Joint China-Malaysia nomination. UNESCO text: 'Developed in China's Minnan region between the fifteenth and seventeenth centuries, the element is now centered in the coastal areas of Xiamen Bay and Quanzhou Bay, as well as in the Chinese communities in Melaka, Malaysia.'",https://ich.unesco.org/en/RL/ong-chun-wangchuan-wangkang-ceremony-rituals-and-related-practices-for-maintaining-the-sustainable-connection-between-man-and-the-ocean-01608
Intangible heritage (joint),"Urtiin Duu, traditional folk long song",Mongolia + China,2005 proclaimed; 2008 inscribed,Representative List,Shared cross-border tradition,Joint Mongolia-China element.,https://ich.unesco.org/en/RL/urtiin-duu-traditional-folk-long-song-00115
Intangible heritage (parallel national),"Mongolian art of singing, Khoomei (China) vs Mongolian traditional art of Khöömei (Mongolia)",China (2009); Mongolia (2010),2009 / 2010,"Representative List, two separate national inscriptions",Framing contest,Same tradition inscribed separately by each state a year apart. Useful case for 'who defines heritage'.,https://ich.unesco.org/en/RL/mongolian-art-of-singing-khoomei-00210 ; https://ich.unesco.org/en/RL/mongolian-traditional-art-of-khoomei-00396
Intangible heritage (China only),Mazu belief and customs,China,2009,Representative List,Diaspora (lead),China-only inscription of a practice with temples across the Chinese diaspora. Lead for the historical-presence layer; not yet checked against UNESCO text.,https://ich.unesco.org/en/state/china-CN?info=elements-on-the-lists
Intangible heritage (China only),Nanyin,China,2009,Representative List,Diaspora (lead),China-only inscription (Quanzhou music) also practised in Southeast Asian Chinese communities. Lead only; not yet checked against UNESCO text.,https://ich.unesco.org/en/state/china-CN?info=elements-on-the-lists
Intangible heritage (China only),Watertight-bulkhead technology of Chinese junks,China,2010,Urgent Safeguarding List,Maritime (lead),Maritime technology; possible link to Maritime Silk Road framing. Lead only.,https://ich.unesco.org/en/state/china-CN?info=elements-on-the-lists
Memory of the World,Qiaopi and Yinxin Correspondence and Remittance Documents from Overseas Chinese,China,2013 (international); 2012 Asia-Pacific register (Teochew qiaopi),International Register,Diaspora,Letters and remittances between overseas Chinese and home villages. Directly relevant to overseas Chinese heritage. UNESCO page could not be fetched (robots); details via secondary source.,https://www.unesco.org/en/memory-world/qiaopi-and-yinxin-correspondence-and-remittance-documents-overseas-chinese
UNESCO programme,UNESCO Silk Roads Project / Programme (incl. 1990-91 Maritime Route Expedition),Multinational,1988-1998 project; programme ongoing,Social and Human Sciences Sector,Silk Roads / Maritime,"Sen (2023) links the 1990-91 expedition ('90 scholars from 26 countries', 21 ports) to the rise of the 'Maritime Silk Road' concept in the PRC. Key for tracking framing over time.",https://en.unesco.org/silkroad
UNESCO capacity-building project,Safeguarding World Heritage along the Silk Roads (Silk Roads transnational nomination support),"Kazakhstan, Kyrgyzstan, Tajikistan, Turkmenistan, Uzbekistan, China and others",2011-2014 (Phase I); 2015-2018 (Phase II),"UNESCO/Japan Funds-in-Trust, run by World Heritage Centre",Silk Roads,"Supported the corridor nominations, including Chang'an-Tianshan (2014). Shows Japan, not China, as funder of this track.",https://southsouth-galaxy.org/solution/safeguarding-world-heritage-along-the-silk-roads/
UNESCO category 2 centre (in China),World Heritage Institute of Training and Research for the Asia and the Pacific Region (WHITRAP),China (serves Asia-Pacific),Established under UNESCO auspices (year to confirm),"Category 2 centre; Beijing, Shanghai, Suzhou",Chinese institutional engagement,Chinese-hosted UNESCO training institute serving other States Parties. Source for training and partnership data.,https://whitrap.pku.edu.cn/About_us/Introduction_Center.htm
