Document,Type,Year,URL
Nomination file 1442,Nomination,2014,https://whc.unesco.org/uploads/nominations/1442.pdf
Advisory Body Evaluation (ICOMOS),Evaluation,2014,https://whc.unesco.org/document/152690
Maps of inscribed property,Maps,2014,https://whc.unesco.org/document/132728
Decision 38COM 8B.24 (inscription),Decision,2014,https://whc.unesco.org/en/decisions/6110
Decision 40COM 7B.34,Decision (state of conservation),2016,https://whc.unesco.org/en/decisions/6699
Decision 41COM 7B.88,Decision (state of conservation),2017,https://whc.unesco.org/en/decisions/7087
Decision 42COM 7B.5,Decision (state of conservation),2018,https://whc.unesco.org/en/decisions/7234
Decision 44COM 7B.22,Decision (state of conservation),2021,https://whc.unesco.org/en/decisions/7740
Decision 45COM 7B.156,Decision (state of conservation),2023,https://whc.unesco.org/en/decisions/8160
Decision 47COM 7B.67,Decision (state of conservation),2025,https://whc.unesco.org/en/decisions/8791
ICOMOS Advisory Mission Report - Talgar component (Kazakhstan),Mission report,2016,https://whc.unesco.org/document/142401
Joint WHC/ICOMOS Reactive Monitoring Mission Report (Kazakhstan),Mission report,2016,https://whc.unesco.org/document/158586
"Periodic Reporting Cycle 3, Section II",Periodic report,2023,https://whc.unesco.org/document/217919
State of conservation report (multilingual),SOC report,2024,https://whc.unesco.org/document/218280
State of conservation report,SOC report,2020,https://whc.unesco.org/document/180694
State of conservation report (Kazakhstan),SOC report,2018,https://whc.unesco.org/document/166338
State of conservation report (Kazakhstan),SOC report,2017,https://whc.unesco.org/document/156862
State of conservation report (China),SOC report,2017,https://whc.unesco.org/document/165239
State of conservation report (Kazakhstan),SOC report,2016,https://whc.unesco.org/document/139846
State of conservation report (Kyrgyzstan),SOC report,2016,https://whc.unesco.org/document/139897
Summary state of conservation report (China),SOC report,2015,https://whc.unesco.org/document/139854
