Source,URL,Access method,Systematic / structured?,Notes for the project
World Heritage List - XML feed (EN),https://whc.unesco.org/en/list/xml/,Bulk download,"Yes: 1,273 properties. Fields: id_number, site, states, iso_code, category, criteria_txt, date_inscribed, secondary_dates, danger, transnational, regions, location, short_description, justification, geolocations (one point per component).",Best base layer. id_number is a stable key. Short text only: no full OUV statement.
World Heritage List - XML feed (ZH),https://whc.unesco.org/zh/list/xml/,Bulk download,"Yes: same 1,273 records in Chinese.","Gives UNESCO's own Chinese names and descriptions for comparing framing. Gaps: e.g. 1442 Silk Roads, 1111 Hani Terraces, 1223 Melaka, 1541 Kulangsu have empty Chinese names."
"World Heritage List - XLS/XLSX, KML, GeoRSS, RSS",https://whc.unesco.org/en/syndication,Bulk download,Yes.,XLSX and KML are handy for mapping. Same content as XML.
Site pages (/en/list/{id}/),https://whc.unesco.org/en/list/1223/,Web page,"Partly: full Statement of OUV, brief synthesis, criteria text.","Holds the richer wording (e.g. Chinese communities in Melaka, Hoi An) that the feed lacks. Not syndicated: UNESCO terms say non-syndicated sections may not be scraped. Read manually or ask permission."
Documents pages (/en/list/{id}/documents/),https://whc.unesco.org/en/list/1442/documents/,Web page + PDFs,"Yes, per site: nomination file, ICOMOS/IUCN evaluation, decisions, maps, mission, SOC and periodic reports.",Key for dated framings (nomination vs evaluation vs decisions). PDFs are large (1442 nomination file ~1 GB).
Tentative Lists (/en/tentativelists/{id}/),https://whc.unesco.org/en/statesparties/cn,Web page,Partly: no bulk feed found.,China has 60 TL entries. Other countries' TL entries mentioning China cannot be searched in bulk without scraping; use manual search or request data.
Decisions database,https://whc.unesco.org/en/decisions/,Web page,Searchable by keyword and session.,Use for UNESCO's official wording over time (e.g. 'Maritime Silk Road' in decisions).
Intangible Cultural Heritage lists,https://ich.unesco.org/en/state/china-CN?info=elements-on-the-lists,Web page,Partly: list per state; multinational status only on element pages.,"China: 45 elements. Joint ones found: Ong Chun/Wangchuan/Wangkang (with Malaysia), Urtiin Duu (with Mongolia)."
Memory of the World,https://www.unesco.org/en/memory-world,Web page,Partly.,unesco.org blocked automated fetching (robots.txt). Read manually.
Wikidata (crosswalk),https://www.wikidata.org,SPARQL API,Yes: links WH IDs to multilingual names and coordinates.,Not reachable from this workspace; test in Phase 2.
