Source,Owner type,URL (example page),"Coverage (layers, regions)",Language,How systematic,"Access method (preliminary, for Phase 2)",Historical versions,Framing notes,Reliability,Your notes
"National Cultural Heritage Administration (国家文物局, NCHA)",Chinese government (heritage regulator),http://www.ncha.gov.cn/,"Institutional engagement (aid restoration, joint archaeology, Asian Cultural Heritage Protection Action, ACHA); UNESCO and nominations (China's own and transnational). Global, with focus on Asia, Silk Roads, Africa.",Chinese,"Semi-structured. No dedicated international column: overseas items are scattered across 文物要闻, 工作动态 and 政务公开. Article URLs are dated (/art/YYYY/M/D/).",Scraping via dated article URLs. Site search (/jsearch/) did not respond to plain URL queries; needs browser automation. Loads from outside China.,"Yes: archive back to at least 2014; five-year plans 2017, 2021, 2026 form a dated series.","Official policy language: 文明交流互鉴, 一带一路, 服务国家外交大局, 全球文明倡议, 中国智慧和方案.",High for what China says and does; not neutral.,
"NCHA five-year plans (十三五 2017, 十四五 2021, 十五五 2026)",Chinese government (policy documents),http://www.ncha.gov.cn/art/2026/7/29/art_2318_48456.html,"All four layers at policy level: named aid projects, joint nominations (Maritime Silk Road, Tea Road), joint archaeology target regions.",Chinese,"Highly systematic: same document type every five years, comparable sections.",Manual (3 documents). 14th plan is hosted on ndrc.gov.cn.,"Yes: 2017, 2021, 2026. Best single source for tracking framing change (Phase 5).",2017: Maritime Silk Road nomination as domestic work. 2026: 'transnational joint nomination' preparatory work; 'serve the overall diplomatic agenda'.,High (authoritative statement of intent).,
"Ministry of Culture and Tourism (文化和旅游部, MCT)",Chinese government (culture ministry),https://www.mct.gov.cn/,Intangible heritage policy and UNESCO ICH nominations (incl. joint China-Malaysia element); cultural exchange; China Cultural Centres abroad.,Chinese (some English),Semi-structured news and policy columns; plans issued as PDF attachments.,"Scraping of news pages; PDFs for plans (ICH 15th five-year plan issued 2026-09-21 as PDF, not yet read).",Yes: news archive; five-year ICH plans.,Not yet sampled in depth.,High for official position.,
"China Intangible Cultural Heritage Network (中国非物质文化遗产网, ihchina.cn)",Chinese government-affiliated (run by China ICH Protection Center under MCT),https://www.ihchina.cn/project.html,"National ICH list: 3,610 items; 45 UNESCO-inscribed items. Descriptions often mention overseas Chinese, Southeast Asia, Taiwan.",Chinese,"Highly structured: item ID, number (e.g. Ⅹ-85), title, category, new/extension, year and batch, province/city code, description.",Open JSON endpoint: /getProject.html?keywords=...&category_id=16&limit=10&p=1 (tested; returns JSON).,Partial: listing year and batch per item; descriptions not dated.,Diaspora framing: Nanyin as 'spiritual bond' for overseas compatriots and Taiwan compatriots; Mazu spread 'following the footsteps of overseas Chinese'. National title 闽台送王船 (Fujian-Taiwan) vs UNESCO's China + Malaysia.,High for official framing.,
"Chinese embassy websites (e.g. Cambodia, Malaysia, Kenya, Uzbekistan)",Chinese government (diplomatic),https://kh.china-embassy.gov.cn/,"Institutional engagement and narrative layers per host country: heritage exhibitions, restoration projects, ambassador essays on shared history, overseas-Chinese affairs (领侨动态).",Chinese (most also English),Semi-structured. Common Foreign Ministry template on every *.china-embassy.gov.cn site; dated URLs (/column/YYYYMM/tYYYYMMDD_id.htm). Some list pages render by script.,Scraping by dated URL pattern; search runs through a central Foreign Ministry engine (fmprc.gov.cn/irs-c-web/search.shtml) filterable by site. Some old URLs (pre-2013) now redirect to the homepage: use the Wayback Machine.,"Yes: Kenya archive back to 2005, Malaysia to 2012 in samples.","Heavy framing: 'civilisations learning from each other' (互学互鉴), Zheng He as friendship, 'Silk Road spirit', 'community with a shared future'.",High for official narrative; low for facts on sites.,
"Chinese Academy of Cultural Heritage (中国文化遗产研究院, CACH)",Chinese government research institute (under NCHA),https://www.chinanews.com.cn/gj/2022/08-29/9839659.shtml,"Institutional engagement: lead agency for aid restoration (Angkor Chau Say Tevoda 1998, Ta Keo 2010, Royal Palace 2018).",Chinese,Own site not yet tested; project information mostly via NCHA and media interviews.,To test in Phase 2.,Yes: project history since 1990s.,Frames Angkor work as China being among the earliest participants in UNESCO's international safeguarding campaign.,High.,
CASS Institute of Archaeology (中国社会科学院考古研究所) and cssn.cn,Chinese state research institute,https://www.cssn.cn/skgz/bwyc/202605/t20260522_5992725.shtml,"Joint archaeology abroad: Uzbekistan (2012-), Honduras Copan (2015-), Egypt Monthu Temple (2018-), Romania (2019-), Greece (2026). 2026 catalogue 《大道东风》 of overseas results.",Chinese,Semi-structured: news and features on cssn.cn; excavation reports as books.,Scraping of cssn.cn articles; reports need library access.,Yes: projects dated from 2012.,'Independent knowledge system' (自主知识体系); from 'archaeological power' to 'archaeological strength'.,High for project facts.,
"Provincial and university archaeology teams (e.g. Shaanxi Institute of Archaeology, Northwest University, Peking University)",Chinese research institutes / universities,https://www.chinanews.com.cn/sh/2026/09-24/10703295.shtml,"Joint archaeology in Central Asia (Kyrgyzstan Red River site, Shaanxi) and East Africa (Kenya Lamu/Malindi, Peking University, c. 2010-2013).","Chinese, some English","Scattered: press releases, university news, academic papers.",Manual; media search.,"Yes, via news archives.",Kenya work framed around Zheng He's voyages and 'rewriting East African coast history'.,Medium-high.,
"Alliance for Cultural Heritage in Asia (亚洲文化遗产保护联盟, ACHA)",China-led multilateral body,https://english.www.gov.cn/news/202304/25/content_WS6447673dc6d03ffcca6ec9ee.html,"Institutional engagement across Asia: 10 founding states (China, Armenia, Cambodia, DPRK, Iran, Kyrgyzstan, Pakistan, Syria, UAE, Yemen); roadmap includes Silk Roads archaeology, World Heritage nominations, restoration in Türkiye and Syria. NCHA's 2026 plan adds an 'Asian cultural heritage database'.","Chinese, English",No dedicated website found; information via NCHA and state media.,Manual.,From 2021 (dialogue) and 2023 (Xi'an conference).,'Dialogue among civilizations'; Global Civilization Initiative.,High for membership and plans.,
"Belt and Road portal (中国一带一路网, yidaiyilu.gov.cn)",Chinese government (aggregator),https://www.yidaiyilu.gov.cn/,Aggregates heritage and archaeology news framed under Belt and Road.,"Chinese, English",Semi-structured news aggregator.,Scraping; not yet tested.,"Yes, since 2017.",Belt and Road framing by definition.,"Medium (secondary, republished).",
Overseas-Chinese institutions (Overseas Chinese History Museum of China; Jinan University Academy of Overseas Chinese Studies; China Federation of Returned Overseas Chinese),Chinese state museum / university / mass organisation,https://hqhryj.jnu.edu.cn/5535/list.htm,"Historical Chinese presence layer: diaspora history, qiaopi, associations, temples abroad.",Chinese,"Weakly structured online. Jinan has a documentation centre and journals (《东南亚研究》, 《海外华人研究》) but no open database found.",Manual; library access.,Journal archives.,Not yet sampled.,Medium-high (scholarly).,
CNKI (中国知网) academic literature,Commercial database (Chinese scholarship),https://www.cnki.net/,"Chinese academic writing on overseas heritage, Maritime Silk Road, joint archaeology; useful for dating when terms emerge.",Chinese,Highly structured bibliographic records with dates.,Subscription: check Columbia library access.,Yes: decades of dated records.,Good for counting term frequency over time (e.g. 海上丝绸之路 since the 1980s).,High as a record of discourse.,
