Date,Actor,Actor type,Topic / site,Original wording (verbatim),English gloss (my translation),Framing tags (my coding),Source
2017-02-21,NCHA (13th five-year plan),Government,Maritime Silk Road nomination,推进花山岩画文化景观、鼓浪屿·历史国际社区、古泉州（刺桐）史迹、良渚遗址、海上丝绸之路保护与申遗工作，推动陆上丝绸之路其他廊道申遗。,"Advance protection and nomination of ... Ancient Quanzhou (Zayton), Liangzhu, the Maritime Silk Road; push nomination of other land Silk Road corridors.",Maritime Silk Road; nomination (domestic),http://www.ncha.gov.cn/art/2017/2/27/art_2237_43663.html
2017-02-21,NCHA (13th five-year plan),Government,Belt and Road heritage corridor,增进与“一带一路”沿线国家及文化遗产国际组织的交流合作，建设“一带一路”文化遗产长廊。,Increase exchange with Belt and Road countries and international heritage bodies; build a 'Belt and Road cultural heritage corridor'.,Belt and Road,http://www.ncha.gov.cn/art/2017/2/27/art_2237_43663.html
2021-12-01,NCHA (14th five-year plan),Government,"Aid restoration: Angkor, Nepal, Myanmar",推进柬埔寨吴哥古迹、尼泊尔九层神庙、缅甸他冰瑜佛塔等文物保护修复合作项目，持续开展中外联合考古。,"Advance restoration cooperation at Angkor (Cambodia), the Nine-Storey Temple (Nepal) and Thatbyinnyu Temple (Myanmar); continue joint archaeology.",Aid restoration; Belt and Road,https://www.ndrc.gov.cn/fggz/fzzlgh/gjjzxgh/202112/t20211201_1306596.html
2021-10-25,NCHA (Asian Cultural Heritage Protection Action series),Government,China-Cambodia history,新的世纪，官方合作再次恢复，朝着构建人类命运共同体的新目标前进。,"In the new century, official cooperation has resumed, moving toward the new goal of building a community with a shared future for mankind.",Shared history; community of shared future,http://www.ncha.gov.cn/art/2021/10/25/art_722_171543.html
2022-02-18,NCHA news feature,Government,Aid restoration history (from Mongolia 1961 to Angkor),中国文物保护工作者持续为国际濒危文化遗产保护提供中国智慧和方案，让受损的不同文明的代表性建筑焕发光彩。,"Chinese heritage professionals keep providing 'Chinese wisdom and solutions' for endangered heritage worldwide, restoring landmark buildings of different civilisations.",Chinese wisdom and solutions,http://www.ncha.gov.cn/art/2022/2/18/art_722_173029.html
2026-07-20,NCHA (15th five-year plan),Government,Transnational joint nominations,规范跨省域联合申遗项目管理，持续推进海上丝绸之路、万里茶道、中埃水文遗产保护与跨国联合申遗前期工作。,"Continue preparatory work for protection and transnational joint nomination of the Maritime Silk Road, the Tea Road, and China-Egypt hydrological heritage.",Maritime Silk Road; nomination (transnational),http://www.ncha.gov.cn/art/2026/7/29/art_2318_48456.html
2026-07-20,NCHA (15th five-year plan),Government,Heritage diplomacy,拓展文物交流合作服务国家外交大局，立足文物资源优势，强化机制建设和项目带动，促进文明交流互鉴。,Expand heritage exchange to serve the country's overall diplomatic agenda ... promote exchange and mutual learning among civilisations.,Diplomacy; civilisational exchange,http://www.ncha.gov.cn/art/2026/7/29/art_2318_48456.html
2026-07-20,NCHA (15th five-year plan),Government,"Aid restoration: Angkor, Nepal, Myanmar",健全文物援外机制，推进柬埔寨吴哥古迹、尼泊尔努瓦科特杜巴广场王宫、缅甸他冰瑜佛塔等文物古迹保护合作。,"Improve the heritage-aid mechanism; advance cooperation at Angkor, the Nuwakot Durbar Square palace (Nepal) and Thatbyinnyu Temple (Myanmar).",Aid restoration,http://www.ncha.gov.cn/art/2026/7/29/art_2318_48456.html
2026-07-20,NCHA (15th five-year plan),Government,Joint archaeology target regions,开展南岛语族主要分布地区、环喜马拉雅地区、丝绸之路和海上丝绸之路沿线地区等联合考古，培育5—10个示范项目。,"Carry out joint archaeology in Austronesian areas, the Himalayas, and along the Silk Roads and Maritime Silk Road; develop 5-10 demonstration projects.",Joint archaeology; Silk Roads; Maritime Silk Road,http://www.ncha.gov.cn/art/2026/7/29/art_2318_48456.html
2026-07-20,NCHA (15th five-year plan),Government,Asian heritage database,推动制定亚洲文化遗产保护准则与技术规范，建立亚洲文化遗产数据库与联合实验室。,Promote Asian heritage conservation standards; build an Asian cultural heritage database and joint laboratories.,Standards; data (possible future source),http://www.ncha.gov.cn/art/2026/7/29/art_2318_48456.html
2026-09-24,NCHA (joint archaeology results release),Government,"Egypt, Tunisia, Kyrgyzstan joint projects",深入践行全球文明倡议，不断完善中外联合考古工作管理制度，积极支持中国考古机构、专家学者“走出去”。,Put the Global Civilization Initiative into practice ... actively support Chinese archaeological institutions and scholars to 'go global'.,Global Civilization Initiative; going global,https://www.chinanews.com.cn/sh/2026/09-24/10703295.shtml
2026-05-22,CASS (cssn.cn feature),Research institute,Overseas archaeology programme,中国考古不仅在走向世界，更在以自主知识体系深度介入不同文明的交流互鉴。,Chinese archaeology is not only going global but engaging deeply in exchange between civilisations through its own independent knowledge system.,Independent knowledge system,https://www.cssn.cn/skgz/bwyc/202605/t20260522_5992725.shtml
2026-09-08,Chinese Embassy in Cambodia (Amb. Wang Wenbin),Embassy,China-Cambodia heritage exhibition; Angkor,中华文明与高棉文明互学互鉴，相映生辉，谱写了世界文明美美与共的佳话。,"Chinese and Khmer civilisations have learned from each other and shone together, a model story of world civilisations' shared beauty.",Civilisational exchange,https://kh.china-embassy.gov.cn/dssghd/202609/t20260908_12018158.htm
2016-10-28,Chinese Embassy in Malaysia (ambassador's essay),Embassy,Melaka; Zheng He,明朝郑和七下西洋，其中5次驻节马六甲，在加深两国人民友谊的同时，更有力维护了周边地区近百年的和平与繁荣。,"Zheng He's seven voyages included five stays in Melaka, deepening friendship and maintaining nearly a century of regional peace and prosperity.",Zheng He; peace narrative; Maritime Silk Road,https://my.china-embassy.gov.cn/sgxx/dsjh/201611/t20161105_1790289.htm
2016-10-28,Chinese Embassy in Malaysia (ambassador's essay),Embassy,Chinese community in Malaysia,近代以来，大批华人南下定居马来西亚，经世代交替，始终与当地人民和谐相处、共存共荣，华人文化传统已与马来西亚历史发展进程深深融合。,Large numbers of Chinese settled in Malaysia in modern times ... Chinese cultural traditions have deeply merged with Malaysia's historical development.,Diaspora; integration,https://my.china-embassy.gov.cn/sgxx/dsjh/201611/t20161105_1790289.htm
2024-02-23,Chinese Embassy in Kenya (Amb. Zhou Pingjian),Embassy,"Lamu, Malindi, Mombasa; Zheng He",肯尼亚是中华文明与非洲文明最早交汇地之一，拉穆、马林迪、蒙巴萨等滨海地区至今流传着郑和船队的友好佳话。,"Kenya is one of the earliest meeting places of Chinese and African civilisations; coastal Lamu, Malindi and Mombasa still tell stories of Zheng He's fleet.",Zheng He; Silk Road spirit,https://ke.china-embassy.gov.cn/sgxx/dszs_145423/202402/t20240223_11249135.htm
2006 (listed),ihchina national ICH list: Nanyin (Quanzhou),Government-affiliated database,Nanyin in Southeast Asia,泉州南音还流播到菲律宾、印尼、新加坡、马来西亚、泰国、缅甸、越南等国家，成为维系海外侨胞和台湾同胞乡情的精神纽带，对增进民族认同感也起到了积极作用。,"Nanyin spread to the Philippines, Indonesia, Singapore, Malaysia, Thailand, Myanmar and Vietnam, becoming a spiritual bond for overseas compatriots and Taiwan compatriots, and strengthening national identity.",Diaspora; national identity,https://www.ihchina.cn/project.html
2006 (listed),ihchina national ICH list: Mazu rituals (Putian),Government-affiliated database,Mazu temples worldwide,妈祖文化逐步传播至我国的沿江、沿海和台港澳地区，并随着华侨华人的脚印逐步传播到世界上的五大洲二十多个国家。,"Mazu culture spread along China's rivers and coasts and to Taiwan, Hong Kong and Macao, and followed the footsteps of overseas Chinese to over 20 countries on five continents.",Diaspora,https://www.ihchina.cn/project.html
2011 (listed),ihchina national ICH list: Mazu rituals (Dongtou),Government-affiliated database,Mazu and cross-Strait relations,妈祖信仰是海峡两岸关系重要的桥梁和纽带，是大陆和台湾文化交融的平台，对于促进祖国统一具有积极意义。,Mazu belief is an important bridge for cross-Strait relations ... and positive for promoting national reunification.,Cross-Strait; reunification,https://www.ihchina.cn/project.html
2011 (listed),ihchina national ICH list: 民间信俗（闽台送王船）,Government-affiliated database,Wangchuan ceremony (compare UNESCO 2020),“王爷”信仰广泛流传于闽南沿海及台湾渔村，尤其盛于南台湾，与中台湾的妈祖信仰并称。,Wangye belief is widespread in southern Fujian coastal areas and Taiwanese fishing villages. National title frames it as Fujian-Taiwan; UNESCO's 2020 joint inscription frames it as China + Malaysia (Melaka).,Cross-Strait vs diaspora framing,https://www.ihchina.cn/project.html
