Country,Site,Type,Years,Chinese institution,Notes,Source,Verification status
Mongolia,"Xingren Temple and Bogd Khan Palace (lama temples), Ulaanbaatar",Aid restoration,1959-1961,Chinese experts Yu Mingqian and Li Zhujun,Described by NCHA as the start of China's overseas heritage work.,http://www.ncha.gov.cn/art/2022/2/18/art_722_173029.html,
Cambodia,Angkor: Chau Say Tevoda,Aid restoration,1998 (ten-year project),CACH,Within UNESCO's International Coordinating Committee for Angkor.,http://www.ncha.gov.cn/art/2022/2/18/art_722_173029.html,
Cambodia,Angkor: Ta Keo,Aid restoration,2010 (eight-year project),CACH,,http://www.ncha.gov.cn/art/2022/2/18/art_722_173029.html,
Cambodia,Angkor: Royal Palace site,Aid restoration,2018 (signed),CACH,Named again in the 2026 plan.,http://www.ncha.gov.cn/art/2022/2/18/art_722_173029.html,
Nepal,"Nine-Storey Temple (Basantapur), Kathmandu",Aid restoration,Named in 2021 plan,Not stated in sources read,Kathmandu Valley World Heritage site.,https://www.ndrc.gov.cn/fggz/fzzlgh/gjjzxgh/202112/t20211201_1306596.html,
Nepal,Nuwakot Durbar Square palace,Aid restoration,Named in 2026 plan,Not stated in sources read,,http://www.ncha.gov.cn/art/2026/7/29/art_2318_48456.html,
Myanmar,"Thatbyinnyu Temple, Bagan",Aid restoration,Named in 2021 and 2026 plans,Not stated in sources read,Bagan World Heritage site.,http://www.ncha.gov.cn/art/2026/7/29/art_2318_48456.html,
Uzbekistan,"Fergana Basin sites (Mingtepe, Monzatepe, Eratan)",Joint archaeology,2012-,CASS Institute of Archaeology,Silk Roads region.,https://www.cssn.cn/skgz/bwyc/202605/t20260522_5992725.shtml,
Honduras,Copan Maya site,Joint archaeology,2015-,CASS Institute of Archaeology,Non-Chinese-heritage site: comparison case.,https://www.cssn.cn/skgz/bwyc/202605/t20260522_5992725.shtml,
Egypt,"Monthu Temple, Karnak (Luxor)",Joint archaeology,2018-,CASS Institute of Archaeology,Results released 2026-09-24.,https://www.chinanews.com.cn/sh/2026/09-24/10703295.shtml,
Romania,Site reported as 'Dobrujavatz' (name to confirm),Joint archaeology,2019-,CASS Institute of Archaeology,,https://www.cssn.cn/skgz/bwyc/202605/t20260522_5992725.shtml,
Greece,Angelokastro site (as reported),Joint archaeology,2026,CASS Institute of Archaeology,,https://www.cssn.cn/skgz/bwyc/202605/t20260522_5992725.shtml,
Tunisia,Ben Arous forest site,Joint archaeology,Results 2026,NCHA Archaeological Research Center,Carthaginian-Roman transition.,https://www.chinanews.com.cn/sh/2026/09-24/10703295.shtml,
Kyrgyzstan,"Red River site, Chu valley",Joint archaeology,Results 2026,Shaanxi Academy of Archaeology,Silk Roads region (near the Chang'an-Tianshan corridor).,https://www.chinanews.com.cn/sh/2026/09-24/10703295.shtml,
Kenya,Lamu archipelago and Malindi,Joint archaeology,c. 2010-2013 (reported),Peking University (per media reports),Framed around Zheng He's voyages; secondary sources only so far.,https://ke.china-embassy.gov.cn/sgxx/dszs_145423/202402/t20240223_11249135.htm,
